labels,img
3.6864,DSC05956.JPG
3.6864,DSC05957.JPG
4.7104,DSC05958.JPG
5.3248,DSC05959.JPG
5.9392,DSC05960.JPG
5.7344,DSC05961.JPG
7.168,DSC05962.JPG
8.3968,DSC05963.JPG
9.8304,DSC05964.JPG
9.4208,DSC05965.JPG
12.0832,DSC05966.JPG
13.9264,DSC05967.JPG
15.9744,DSC05968.JPG
18.0224,DSC05969.JPG
19.6608,DSC05970.JPG
19.6608,DSC05971.JPG
22.9376,DSC05972.JPG
26.4192,DSC05973.JPG
30.1056,DSC05974.JPG
33.1776,DSC05975.JPG
36.864,DSC05976.JPG
40.7552,DSC05977.JPG
40.7552,DSC05978.JPG
47.7184,DSC05979.JPG
52.224,DSC05980.JPG
57.5488,DSC05981.JPG
61.2352,DSC05982.JPG
64.1024,DSC05983.JPG
66.1504,DSC05984.JPG
70.4512,DSC05985.JPG
73.9328,DSC05986.JPG
77.6192,DSC05987.JPG
81.7152,DSC05988.JPG
86.016,DSC05989.JPG
89.4976,DSC05990.JPG
91.7504,DSC05991.JPG
91.7504,DSC05992.JPG
97.4848,DSC05993.JPG
101.99,DSC05994.JPG
106.496,DSC05995.JPG
111.002,DSC05996.JPG
39.936,DSC05997.JPG
10.0352,DSC05998.JPG
10.6496,DSC05999.JPG
13.7216,DSC06000.JPG
14.5408,DSC06001.JPG
20.6848,DSC06002.JPG
25.3952,DSC06003.JPG
30.3104,DSC06004.JPG
34.816,DSC06005.JPG
37.6832,DSC06006.JPG
37.4784,DSC06007.JPG
42.8032,DSC06008.JPG
46.4896,DSC06009.JPG
50.3808,DSC06010.JPG
54.6816,DSC06011.JPG
58.1632,DSC06012.JPG
61.0304,DSC06013.JPG
64.1024,DSC06014.JPG
64.1024,DSC06015.JPG
70.8608,DSC06016.JPG
76.3904,DSC06017.JPG
80.896,DSC06018.JPG
83.3536,DSC06019.JPG
84.3776,DSC06020.JPG
84.3776,DSC06021.JPG
90.3168,DSC06022.JPG
94.4128,DSC06023.JPG
97.8944,DSC06024.JPG
100.966,DSC06025.JPG
104.038,DSC06026.JPG
107.52,DSC06027.JPG
107.315,DSC06028.JPG
78.2336,DSC06029.JPG
42.3936,DSC06030.JPG
6.3488,DSC06031.JPG
6.7584,DSC06032.JPG
9.8304,DSC06033.JPG
12.6976,DSC06034.JPG
15.7696,DSC06035.JPG
19.6608,DSC06036.JPG
21.0944,DSC06037.JPG
20.8896,DSC06038.JPG
25.6,DSC06039.JPG
29.696,DSC06040.JPG
33.1776,DSC06041.JPG
37.888,DSC06042.JPG
42.1888,DSC06043.JPG
45.4656,DSC06044.JPG
45.6704,DSC06045.JPG
45.6704,DSC06046.JPG
52.4288,DSC06047.JPG
57.7536,DSC06048.JPG
63.2832,DSC06049.JPG
66.7648,DSC06050.JPG
69.2224,DSC06051.JPG
70.8608,DSC06052.JPG
71.8848,DSC06053.JPG
72.4992,DSC06054.JPG
77.6192,DSC06055.JPG
80.896,DSC06056.JPG
83.3536,DSC06057.JPG
86.8352,DSC06058.JPG
88.6784,DSC06059.JPG
92.3648,DSC06060.JPG
95.6416,DSC06061.JPG
96.0512,DSC06062.JPG
95.8464,DSC06063.JPG
99.1232,DSC06064.JPG
102.195,DSC06065.JPG
104.448,DSC06066.JPG
107.11,DSC06067.JPG
109.363,DSC06068.JPG
109.363,DSC06069.JPG
110.387,DSC06070.JPG
45.8752,DSC06071.JPG
9.0112,DSC06072.JPG
9.4208,DSC06073.JPG
13.9264,DSC06074.JPG
17.6128,DSC06075.JPG
21.9136,DSC06076.JPG
25.6,DSC06077.JPG
28.672,DSC06078.JPG
28.4672,DSC06079.JPG
33.9968,DSC06080.JPG
38.2976,DSC06081.JPG
43.2128,DSC06082.JPG
47.3088,DSC06083.JPG
52.0192,DSC06084.JPG
54.6816,DSC06085.JPG
54.6816,DSC06086.JPG
54.6816,DSC06087.JPG
57.9584,DSC06088.JPG
60.416,DSC06089.JPG
63.488,DSC06090.JPG
64.3072,DSC06091.JPG
68.8128,DSC06092.JPG
71.4752,DSC06093.JPG
73.3184,DSC06094.JPG
74.9568,DSC06095.JPG
76.5952,DSC06096.JPG
79.872,DSC06097.JPG
81.5104,DSC06098.JPG
85.8112,DSC06099.JPG
85.8112,DSC06100.JPG
88.4736,DSC06101.JPG
91.136,DSC06102.JPG
94.208,DSC06103.JPG
96.4608,DSC06104.JPG
96.256,DSC06105.JPG
101.99,DSC06106.JPG
105.677,DSC06107.JPG
107.52,DSC06108.JPG
109.978,DSC06109.JPG
27.0336,DSC06110.JPG
10.4448,DSC06111.JPG
12.6976,DSC06112.JPG
14.5408,DSC06113.JPG
14.7456,DSC06114.JPG
19.456,DSC06115.JPG
23.7568,DSC06116.JPG
27.0336,DSC06117.JPG
27.8528,DSC06118.JPG
31.9488,DSC06119.JPG
34.2016,DSC06120.JPG
36.0448,DSC06121.JPG
37.6832,DSC06122.JPG
38.0928,DSC06123.JPG
41.7792,DSC06124.JPG
42.5984,DSC06125.JPG
46.6944,DSC06126.JPG
50.3808,DSC06127.JPG
53.8624,DSC06128.JPG
57.344,DSC06129.JPG
60.416,DSC06130.JPG
63.488,DSC06131.JPG
64.3072,DSC06132.JPG
65.3312,DSC06133.JPG
65.1264,DSC06134.JPG
67.584,DSC06135.JPG
73.728,DSC06136.JPG
77.0048,DSC06137.JPG
78.6432,DSC06138.JPG
82.1248,DSC06139.JPG
82.944,DSC06140.JPG
85.6064,DSC06141.JPG
88.2688,DSC06142.JPG
88.4736,DSC06143.JPG
91.136,DSC06144.JPG
91.3408,DSC06145.JPG
94.0032,DSC06146.JPG
96.4608,DSC06147.JPG
97.8944,DSC06148.JPG
100.147,DSC06149.JPG
101.786,DSC06150.JPG
103.629,DSC06151.JPG
106.291,DSC06152.JPG
106.701,DSC06153.JPG
110.387,DSC06154.JPG
113.459,DSC06155.JPG
3.8912,DSC06156.JPG
3.8912,DSC06157.JPG
6.144,DSC06158.JPG
8.192,DSC06159.JPG
9.8304,DSC06160.JPG
9.6256,DSC06161.JPG
12.4928,DSC06162.JPG
16.5888,DSC06163.JPG
19.8656,DSC06164.JPG
23.1424,DSC06165.JPG
22.7328,DSC06166.JPG
29.0816,DSC06167.JPG
32.9728,DSC06168.JPG
37.4784,DSC06169.JPG
41.1648,DSC06170.JPG
41.984,DSC06171.JPG
44.2368,DSC06172.JPG
44.032,DSC06173.JPG
45.6704,DSC06174.JPG
45.8752,DSC06175.JPG
45.6704,DSC06176.JPG
50.9952,DSC06177.JPG
55.296,DSC06178.JPG
59.392,DSC06179.JPG
63.2832,DSC06180.JPG
66.7648,DSC06181.JPG
69.632,DSC06182.JPG
71.2704,DSC06183.JPG
71.0656,DSC06184.JPG
74.9568,DSC06185.JPG
78.848,DSC06186.JPG
81.92,DSC06187.JPG
85.1968,DSC06188.JPG
88.064,DSC06189.JPG
88.064,DSC06190.JPG
90.112,DSC06191.JPG
92.9792,DSC06192.JPG
95.6416,DSC06193.JPG
98.304,DSC06194.JPG
100.966,DSC06195.JPG
102.81,DSC06196.JPG
102.81,DSC06197.JPG
104.858,DSC06198.JPG
107.93,DSC06199.JPG
109.773,DSC06200.JPG
109.568,DSC06201.JPG
23.552,DSC06202.JPG
10.24,DSC06203.JPG
10.6496,DSC06204.JPG
15.7696,DSC06205.JPG
21.7088,DSC06206.JPG
26.4192,DSC06207.JPG
30.72,DSC06208.JPG
33.1776,DSC06209.JPG
33.792,DSC06210.JPG
33.5872,DSC06211.JPG
40.5504,DSC06212.JPG
46.4896,DSC06213.JPG
49.9712,DSC06214.JPG
54.8864,DSC06215.JPG
57.9584,DSC06216.JPG
60.6208,DSC06217.JPG
60.416,DSC06218.JPG
61.0304,DSC06219.JPG
65.9456,DSC06220.JPG
70.0416,DSC06221.JPG
73.5232,DSC06222.JPG
78.0288,DSC06223.JPG
78.0288,DSC06224.JPG
80.6912,DSC06225.JPG
83.1488,DSC06226.JPG
83.7632,DSC06227.JPG
84.5824,DSC06228.JPG
88.4736,DSC06229.JPG
88.4736,DSC06230.JPG
92.16,DSC06231.JPG
91.9552,DSC06232.JPG
94.8224,DSC06233.JPG
98.7136,DSC06234.JPG
101.581,DSC06235.JPG
102.605,DSC06236.JPG
104.243,DSC06237.JPG
107.11,DSC06238.JPG
108.954,DSC06239.JPG
108.749,DSC06240.JPG
108.749,DSC06241.JPG
11.0592,DSC06242.JPG
2.048,DSC06243.JPG
2.048,DSC06244.JPG
3.072,DSC06245.JPG
4.3008,DSC06246.JPG
4.7104,DSC06247.JPG
6.9632,DSC06248.JPG
9.0112,DSC06249.JPG
11.0592,DSC06250.JPG
13.312,DSC06251.JPG
14.1312,DSC06252.JPG
18.2272,DSC06253.JPG
22.7328,DSC06254.JPG
26.2144,DSC06255.JPG
27.2384,DSC06256.JPG
30.5152,DSC06257.JPG
33.3824,DSC06258.JPG
33.3824,DSC06259.JPG
35.6352,DSC06260.JPG
35.6352,DSC06261.JPG
41.5744,DSC06262.JPG
41.3696,DSC06263.JPG
44.8512,DSC06264.JPG
47.9232,DSC06265.JPG
47.9232,DSC06266.JPG
52.0192,DSC06267.JPG
51.8144,DSC06268.JPG
55.296,DSC06269.JPG
58.368,DSC06270.JPG
58.368,DSC06271.JPG
63.0784,DSC06272.JPG
62.8736,DSC06273.JPG
66.1504,DSC06274.JPG
66.1504,DSC06275.JPG
71.4752,DSC06276.JPG
74.9568,DSC06277.JPG
74.9568,DSC06278.JPG
77.824,DSC06279.JPG
80.2816,DSC06280.JPG
81.7152,DSC06281.JPG
84.992,DSC06282.JPG
88.8832,DSC06283.JPG
92.3648,DSC06284.JPG
96.256,DSC06285.JPG
96.256,DSC06286.JPG
98.9184,DSC06287.JPG
100.762,DSC06288.JPG
103.014,DSC06289.JPG
103.219,DSC06290.JPG
67.584,DSC06291.JPG
7.9872,DSC06292.JPG
8.192,DSC06293.JPG
12.0832,DSC06294.JPG
12.4928,DSC06295.JPG
15.7696,DSC06296.JPG
19.6608,DSC06297.JPG
22.9376,DSC06298.JPG
25.3952,DSC06299.JPG
27.0336,DSC06300.JPG
27.0336,DSC06301.JPG
33.792,DSC06302.JPG
37.6832,DSC06303.JPG
42.3936,DSC06304.JPG
46.2848,DSC06305.JPG
49.9712,DSC06306.JPG
52.4288,DSC06307.JPG
54.272,DSC06308.JPG
54.0672,DSC06309.JPG
58.368,DSC06310.JPG
61.8496,DSC06311.JPG
66.56,DSC06312.JPG
70.2464,DSC06313.JPG
72.704,DSC06314.JPG
75.5712,DSC06315.JPG
78.4384,DSC06316.JPG
79.4624,DSC06317.JPG
82.1248,DSC06318.JPG
84.7872,DSC06319.JPG
88.2688,DSC06320.JPG
92.9792,DSC06321.JPG
97.6896,DSC06322.JPG
101.581,DSC06323.JPG
104.858,DSC06324.JPG
106.086,DSC06325.JPG
105.882,DSC06326.JPG
23.9616,DSC06327.JPG
7.5776,DSC06328.JPG
7.7824,DSC06329.JPG
11.264,DSC06330.JPG
17.2032,DSC06331.JPG
22.3232,DSC06332.JPG
24.7808,DSC06333.JPG
26.4192,DSC06334.JPG
27.0336,DSC06335.JPG
32.1536,DSC06336.JPG
36.4544,DSC06337.JPG
40.5504,DSC06338.JPG
44.6464,DSC06339.JPG
47.7184,DSC06340.JPG
50.3808,DSC06341.JPG
52.224,DSC06342.JPG
53.4528,DSC06343.JPG
57.5488,DSC06344.JPG
57.7536,DSC06345.JPG
62.2592,DSC06346.JPG
65.9456,DSC06347.JPG
69.2224,DSC06348.JPG
72.4992,DSC06349.JPG
75.776,DSC06350.JPG
78.0288,DSC06351.JPG
79.6672,DSC06352.JPG
80.4864,DSC06353.JPG
85.1968,DSC06354.JPG
89.2928,DSC06355.JPG
5.3248,DSC06356.JPG
5.3248,DSC06357.JPG
7.7824,DSC06358.JPG
9.4208,DSC06359.JPG
10.0352,DSC06360.JPG
14.7456,DSC06361.JPG
18.432,DSC06362.JPG
22.3232,DSC06363.JPG
26.0096,DSC06364.JPG
26.8288,DSC06365.JPG
26.8288,DSC06366.JPG
32.768,DSC06367.JPG
37.2736,DSC06368.JPG
42.1888,DSC06369.JPG
46.08,DSC06370.JPG
49.152,DSC06371.JPG
51.6096,DSC06372.JPG
51.6096,DSC06373.JPG
56.5248,DSC06374.JPG
60.0064,DSC06375.JPG
64.9216,DSC06376.JPG
67.7888,DSC06377.JPG
70.2464,DSC06378.JPG
70.656,DSC06379.JPG
74.5472,DSC06380.JPG
78.0288,DSC06381.JPG
81.7152,DSC06382.JPG
84.1728,DSC06383.JPG
86.8352,DSC06384.JPG
88.2688,DSC06385.JPG
89.2928,DSC06386.JPG
92.9792,DSC06387.JPG
96.6656,DSC06388.JPG
99.9424,DSC06389.JPG
103.219,DSC06390.JPG
106.496,DSC06391.JPG
85.4016,DSC06392.JPG
10.4448,DSC06393.JPG
10.4448,DSC06394.JPG
12.6976,DSC06395.JPG
12.9024,DSC06396.JPG
18.8416,DSC06397.JPG
24.576,DSC06398.JPG
30.1056,DSC06399.JPG
33.792,DSC06400.JPG
36.4544,DSC06401.JPG
37.2736,DSC06402.JPG
45.8752,DSC06403.JPG
49.7664,DSC06404.JPG
54.272,DSC06405.JPG
58.9824,DSC06406.JPG
61.44,DSC06407.JPG
62.8736,DSC06408.JPG
62.8736,DSC06409.JPG
68.1984,DSC06410.JPG
71.8848,DSC06411.JPG
75.776,DSC06412.JPG
79.872,DSC06413.JPG
82.7392,DSC06414.JPG
86.4256,DSC06415.JPG
87.6544,DSC06416.JPG
87.6544,DSC06417.JPG
91.5456,DSC06418.JPG
95.4368,DSC06419.JPG
99.328,DSC06420.JPG
102.4,DSC06421.JPG
102.605,DSC06422.JPG
106.906,DSC06423.JPG
106.906,DSC06424.JPG
21.0944,DSC06425.JPG
12.4928,DSC06426.JPG
15.9744,DSC06427.JPG
17.408,DSC06428.JPG
17.6128,DSC06429.JPG
23.552,DSC06430.JPG
28.0576,DSC06431.JPG
31.9488,DSC06432.JPG
35.2256,DSC06433.JPG
38.5024,DSC06434.JPG
41.7792,DSC06435.JPG
43.6224,DSC06436.JPG
43.4176,DSC06437.JPG
50.5856,DSC06438.JPG
55.7056,DSC06439.JPG
60.8256,DSC06440.JPG
65.536,DSC06441.JPG
68.608,DSC06442.JPG
70.4512,DSC06443.JPG
70.2464,DSC06444.JPG
75.776,DSC06445.JPG
75.776,DSC06446.JPG
79.6672,DSC06447.JPG
83.5584,DSC06448.JPG
86.6304,DSC06449.JPG
90.3168,DSC06450.JPG
92.5696,DSC06451.JPG
94.208,DSC06452.JPG
96.6656,DSC06453.JPG
97.0752,DSC06454.JPG
97.0752,DSC06455.JPG
101.786,DSC06456.JPG
105.677,DSC06457.JPG
109.363,DSC06458.JPG
109.363,DSC06459.JPG
4.7104,DSC06460.JPG
7.168,DSC06461.JPG
6.9632,DSC06462.JPG
10.0352,DSC06463.JPG
14.1312,DSC06464.JPG
18.0224,DSC06465.JPG
22.9376,DSC06466.JPG
23.3472,DSC06467.JPG
30.5152,DSC06468.JPG
35.2256,DSC06469.JPG
40.5504,DSC06470.JPG
45.4656,DSC06471.JPG
48.7424,DSC06472.JPG
49.152,DSC06473.JPG
54.8864,DSC06474.JPG
58.9824,DSC06475.JPG
63.2832,DSC06476.JPG
67.1744,DSC06477.JPG
70.4512,DSC06478.JPG
73.3184,DSC06479.JPG
75.3664,DSC06480.JPG
75.1616,DSC06481.JPG
79.872,DSC06482.JPG
84.7872,DSC06483.JPG
89.088,DSC06484.JPG
93.5936,DSC06485.JPG
95.6416,DSC06486.JPG
98.7136,DSC06487.JPG
100.352,DSC06488.JPG
103.629,DSC06489.JPG
106.496,DSC06490.JPG
109.363,DSC06491.JPG
109.363,DSC06492.JPG
50.3808,DSC06493.JPG
7.5776,DSC06494.JPG
7.7824,DSC06495.JPG
10.0352,DSC06496.JPG
10.4448,DSC06497.JPG
15.1552,DSC06498.JPG
18.432,DSC06499.JPG
22.1184,DSC06500.JPG
25.3952,DSC06501.JPG
28.0576,DSC06502.JPG
31.3344,DSC06503.JPG
32.5632,DSC06504.JPG
32.768,DSC06505.JPG
32.5632,DSC06506.JPG
39.7312,DSC06507.JPG
44.2368,DSC06508.JPG
48.3328,DSC06509.JPG
51.4048,DSC06510.JPG
52.0192,DSC06511.JPG
54.8864,DSC06512.JPG
57.5488,DSC06513.JPG
57.5488,DSC06514.JPG
59.392,DSC06515.JPG
59.5968,DSC06516.JPG
59.5968,DSC06517.JPG
64.9216,DSC06518.JPG
68.608,DSC06519.JPG
72.2944,DSC06520.JPG
75.776,DSC06521.JPG
78.6432,DSC06522.JPG
81.92,DSC06523.JPG
84.3776,DSC06524.JPG
84.3776,DSC06525.JPG
87.6544,DSC06526.JPG
90.5216,DSC06527.JPG
90.3168,DSC06528.JPG
92.9792,DSC06529.JPG
94.8224,DSC06530.JPG
96.256,DSC06531.JPG
96.256,DSC06532.JPG
96.0512,DSC06533.JPG
99.1232,DSC06534.JPG
101.171,DSC06535.JPG
103.424,DSC06536.JPG
105.472,DSC06537.JPG
105.267,DSC06538.JPG
7.5776,DSC06539.JPG
7.9872,DSC06540.JPG
14.1312,DSC06541.JPG
18.8416,DSC06542.JPG
23.1424,DSC06543.JPG
25.1904,DSC06544.JPG
31.5392,DSC06545.JPG
36.0448,DSC06546.JPG
37.6832,DSC06547.JPG
39.936,DSC06548.JPG
44.032,DSC06549.JPG
47.5136,DSC06550.JPG
49.7664,DSC06551.JPG
49.7664,DSC06552.JPG
50.9952,DSC06553.JPG
57.5488,DSC06554.JPG
62.8736,DSC06555.JPG
5.9392,DSC06556.JPG
5.9392,DSC06557.JPG
8.3968,DSC06558.JPG
10.4448,DSC06559.JPG
12.6976,DSC06560.JPG
12.6976,DSC06561.JPG
16.5888,DSC06562.JPG
19.2512,DSC06563.JPG
23.552,DSC06564.JPG
27.8528,DSC06565.JPG
29.2864,DSC06566.JPG
29.0816,DSC06567.JPG
35.2256,DSC06568.JPG
40.3456,DSC06569.JPG
45.2608,DSC06570.JPG
48.7424,DSC06571.JPG
51.2,DSC06572.JPG
52.8384,DSC06573.JPG
52.6336,DSC06574.JPG
58.368,DSC06575.JPG
63.488,DSC06576.JPG
67.3792,DSC06577.JPG
70.8608,DSC06578.JPG
72.2944,DSC06579.JPG
76.1856,DSC06580.JPG
79.872,DSC06581.JPG
83.1488,DSC06582.JPG
86.016,DSC06583.JPG
88.6784,DSC06584.JPG
89.9072,DSC06585.JPG
93.7984,DSC06586.JPG
97.4848,DSC06587.JPG
99.9424,DSC06588.JPG
102.4,DSC06589.JPG
104.038,DSC06590.JPG
7.7824,DSC06591.JPG
7.9872,DSC06592.JPG
8.192,DSC06593.JPG
12.0832,DSC06594.JPG
15.5648,DSC06595.JPG
19.6608,DSC06596.JPG
24.3712,DSC06597.JPG
27.8528,DSC06598.JPG
27.8528,DSC06599.JPG
34.4064,DSC06600.JPG
39.1168,DSC06601.JPG
43.6224,DSC06602.JPG
47.5136,DSC06603.JPG
50.9952,DSC06604.JPG
52.8384,DSC06605.JPG
52.8384,DSC06606.JPG
57.1392,DSC06607.JPG
61.8496,DSC06608.JPG
65.7408,DSC06609.JPG
69.8368,DSC06610.JPG
73.1136,DSC06611.JPG
75.5712,DSC06612.JPG
77.4144,DSC06613.JPG
82.3296,DSC06614.JPG
86.4256,DSC06615.JPG
89.088,DSC06616.JPG
92.16,DSC06617.JPG
95.0272,DSC06618.JPG
96.0512,DSC06619.JPG
99.328,DSC06620.JPG
104.858,DSC06621.JPG
109.568,DSC06622.JPG
109.363,DSC06623.JPG
12.288,DSC06624.JPG
9.216,DSC06625.JPG
12.9024,DSC06626.JPG
16.9984,DSC06627.JPG
16.7936,DSC06628.JPG
21.9136,DSC06629.JPG
26.2144,DSC06630.JPG
29.2864,DSC06631.JPG
32.768,DSC06632.JPG
36.0448,DSC06633.JPG
38.912,DSC06634.JPG
41.5744,DSC06635.JPG
42.1888,DSC06636.JPG
47.9232,DSC06637.JPG
52.8384,DSC06638.JPG
57.1392,DSC06639.JPG
61.8496,DSC06640.JPG
64.7168,DSC06641.JPG
67.3792,DSC06642.JPG
69.4272,DSC06643.JPG
74.5472,DSC06644.JPG
77.824,DSC06645.JPG
81.3056,DSC06646.JPG
84.5824,DSC06647.JPG
88.064,DSC06648.JPG
90.5216,DSC06649.JPG
92.3648,DSC06650.JPG
94.6176,DSC06651.JPG
94.6176,DSC06652.JPG
97.28,DSC06653.JPG
100.352,DSC06654.JPG
104.243,DSC06655.JPG
107.52,DSC06656.JPG
110.387,DSC06657.JPG
51.4048,DSC06658.JPG
4.9152,DSC06659.JPG
4.9152,DSC06660.JPG
5.7344,DSC06661.JPG
8.6016,DSC06662.JPG
11.4688,DSC06663.JPG
14.9504,DSC06664.JPG
18.2272,DSC06665.JPG
18.2272,DSC06666.JPG
25.3952,DSC06667.JPG
29.0816,DSC06668.JPG
33.5872,DSC06669.JPG
36.864,DSC06670.JPG
39.3216,DSC06671.JPG
41.984,DSC06672.JPG
43.2128,DSC06673.JPG
43.008,DSC06674.JPG
47.5136,DSC06675.JPG
51.6096,DSC06676.JPG
55.5008,DSC06677.JPG
58.9824,DSC06678.JPG
62.8736,DSC06679.JPG
65.7408,DSC06680.JPG
67.9936,DSC06681.JPG
69.632,DSC06682.JPG
69.4272,DSC06683.JPG
73.5232,DSC06684.JPG
76.8,DSC06685.JPG
80.2816,DSC06686.JPG
83.5584,DSC06687.JPG
86.016,DSC06688.JPG
88.4736,DSC06689.JPG
89.088,DSC06690.JPG
92.3648,DSC06691.JPG
95.0272,DSC06692.JPG
97.0752,DSC06693.JPG
99.5328,DSC06694.JPG
102.4,DSC06695.JPG
104.243,DSC06696.JPG
104.038,DSC06697.JPG
9.6256,DSC06698.JPG
8.8064,DSC06699.JPG
9.0112,DSC06700.JPG
13.312,DSC06701.JPG
19.2512,DSC06702.JPG
24.3712,DSC06703.JPG
27.4432,DSC06704.JPG
29.0816,DSC06705.JPG
29.2864,DSC06706.JPG
35.0208,DSC06707.JPG
38.912,DSC06708.JPG
43.008,DSC06709.JPG
45.4656,DSC06710.JPG
48.5376,DSC06711.JPG
49.5616,DSC06712.JPG
49.3568,DSC06713.JPG
54.6816,DSC06714.JPG
58.368,DSC06715.JPG
62.2592,DSC06716.JPG
65.536,DSC06717.JPG
69.2224,DSC06718.JPG
71.68,DSC06719.JPG
72.704,DSC06720.JPG
72.4992,DSC06721.JPG
76.5952,DSC06722.JPG
80.4864,DSC06723.JPG
83.5584,DSC06724.JPG
86.8352,DSC06725.JPG
89.2928,DSC06726.JPG
90.5216,DSC06727.JPG
91.9552,DSC06728.JPG
92.16,DSC06729.JPG
93.3888,DSC06730.JPG
93.3888,DSC06731.JPG
96.256,DSC06732.JPG
98.9184,DSC06733.JPG
101.581,DSC06734.JPG
104.038,DSC06735.JPG
104.653,DSC06736.JPG
56.1152,DSC06737.JPG
8.6016,DSC06738.JPG
9.0112,DSC06739.JPG
12.6976,DSC06740.JPG
16.1792,DSC06741.JPG
19.456,DSC06742.JPG
21.7088,DSC06743.JPG
23.7568,DSC06744.JPG
23.552,DSC06745.JPG
28.8768,DSC06746.JPG
33.1776,DSC06747.JPG
37.2736,DSC06748.JPG
41.1648,DSC06749.JPG
44.2368,DSC06750.JPG
47.104,DSC06751.JPG
48.9472,DSC06752.JPG
48.7424,DSC06753.JPG
55.296,DSC06754.JPG
59.1872,DSC06755.JPG
5.12,DSC06858.JPG
6.3488,DSC06859.JPG
6.3488,DSC06860.JPG
8.6016,DSC06861.JPG
11.0592,DSC06862.JPG
13.9264,DSC06863.JPG
16.5888,DSC06864.JPG
17.8176,DSC06865.JPG
23.1424,DSC06866.JPG
27.648,DSC06867.JPG
31.744,DSC06868.JPG
35.2256,DSC06869.JPG
38.2976,DSC06870.JPG
40.1408,DSC06871.JPG
40.3456,DSC06872.JPG
46.6944,DSC06873.JPG
50.9952,DSC06874.JPG
55.9104,DSC06875.JPG
59.8016,DSC06876.JPG
62.464,DSC06877.JPG
63.0784,DSC06878.JPG
68.608,DSC06879.JPG
71.2704,DSC06880.JPG
75.3664,DSC06881.JPG
79.872,DSC06882.JPG
84.992,DSC06883.JPG
88.4736,DSC06884.JPG
90.5216,DSC06885.JPG
91.5456,DSC06886.JPG
93.3888,DSC06887.JPG
96.256,DSC06888.JPG
100.147,DSC06889.JPG
104.038,DSC06890.JPG
106.906,DSC06891.JPG
109.773,DSC06892.JPG
45.4656,DSC06893.JPG
7.168,DSC06894.JPG
9.216,DSC06895.JPG
9.4208,DSC06896.JPG
14.7456,DSC06897.JPG
19.456,DSC06898.JPG
23.9616,DSC06899.JPG
28.0576,DSC06900.JPG
30.72,DSC06901.JPG
30.72,DSC06902.JPG
36.864,DSC06903.JPG
42.5984,DSC06904.JPG
47.104,DSC06905.JPG
52.0192,DSC06906.JPG
56.32,DSC06907.JPG
58.7776,DSC06908.JPG
58.5728,DSC06909.JPG
64.7168,DSC06910.JPG
69.4272,DSC06911.JPG
73.9328,DSC06912.JPG
78.848,DSC06913.JPG
81.92,DSC06914.JPG
84.7872,DSC06915.JPG
85.4016,DSC06916.JPG
85.6064,DSC06917.JPG
89.4976,DSC06918.JPG
92.3648,DSC06919.JPG
95.4368,DSC06920.JPG
97.4848,DSC06921.JPG
99.328,DSC06922.JPG
99.5328,DSC06923.JPG
99.328,DSC06924.JPG
103.629,DSC06925.JPG
109.363,DSC06926.JPG
113.254,DSC06927.JPG
113.05,DSC06928.JPG
8.192,DSC06929.JPG
7.3728,DSC06930.JPG
9.8304,DSC06931.JPG
16.384,DSC06932.JPG
21.2992,DSC06933.JPG
25.6,DSC06934.JPG
29.0816,DSC06935.JPG
31.3344,DSC06936.JPG
31.1296,DSC06937.JPG
36.6592,DSC06938.JPG
41.7792,DSC06939.JPG
44.8512,DSC06940.JPG
49.5616,DSC06941.JPG
53.248,DSC06942.JPG
55.7056,DSC06943.JPG
55.7056,DSC06944.JPG
62.464,DSC06945.JPG
66.7648,DSC06946.JPG
71.2704,DSC06947.JPG
74.1376,DSC06948.JPG
76.3904,DSC06949.JPG
78.0288,DSC06950.JPG
77.824,DSC06951.JPG
81.3056,DSC06952.JPG
83.968,DSC06953.JPG
86.2208,DSC06954.JPG
89.4976,DSC06955.JPG
92.7744,DSC06956.JPG
95.6416,DSC06957.JPG
97.8944,DSC06958.JPG
98.9184,DSC06959.JPG
98.7136,DSC06960.JPG
101.99,DSC06961.JPG
105.062,DSC06962.JPG
110.592,DSC06963.JPG
110.387,DSC06964.JPG
110.387,DSC06965.JPG
48.7424,DSC06966.JPG
6.144,DSC06967.JPG
7.7824,DSC06968.JPG
12.0832,DSC06969.JPG
15.7696,DSC06970.JPG
19.8656,DSC06971.JPG
23.552,DSC06972.JPG
26.0096,DSC06973.JPG
31.1296,DSC06974.JPG
35.6352,DSC06975.JPG
40.3456,DSC06976.JPG
43.8272,DSC06977.JPG
46.6944,DSC06978.JPG
49.3568,DSC06979.JPG
50.9952,DSC06980.JPG
50.9952,DSC06981.JPG
57.1392,DSC06982.JPG
61.2352,DSC06983.JPG
64.9216,DSC06984.JPG
68.608,DSC06985.JPG
72.704,DSC06986.JPG
75.5712,DSC06987.JPG
76.1856,DSC06988.JPG
75.9808,DSC06989.JPG
81.5104,DSC06990.JPG
85.4016,DSC06991.JPG
88.4736,DSC06992.JPG
90.9312,DSC06993.JPG
93.7984,DSC06994.JPG
96.0512,DSC06995.JPG
98.304,DSC06996.JPG
101.99,DSC06997.JPG
103.629,DSC06998.JPG
103.424,DSC06999.JPG
106.701,DSC07000.JPG
110.797,DSC07001.JPG
110.592,DSC07002.JPG
65.536,DSC07003.JPG
5.7344,DSC07004.JPG
6.144,DSC07005.JPG
8.6016,DSC07006.JPG
10.0352,DSC07007.JPG
14.5408,DSC07008.JPG
17.8176,DSC07009.JPG
21.2992,DSC07010.JPG
24.9856,DSC07011.JPG
27.4432,DSC07012.JPG
28.8768,DSC07013.JPG
31.9488,DSC07014.JPG
38.912,DSC07015.JPG
43.008,DSC07016.JPG
46.2848,DSC07017.JPG
49.3568,DSC07018.JPG
50.7904,DSC07019.JPG
50.7904,DSC07020.JPG
56.5248,DSC07021.JPG
60.416,DSC07022.JPG
63.2832,DSC07023.JPG
66.7648,DSC07024.JPG
68.8128,DSC07025.JPG
71.4752,DSC07026.JPG
71.68,DSC07027.JPG
71.68,DSC07028.JPG
75.9808,DSC07029.JPG
79.0528,DSC07030.JPG
82.944,DSC07031.JPG
84.992,DSC07032.JPG
88.2688,DSC07033.JPG
90.7264,DSC07034.JPG
91.3408,DSC07035.JPG
91.136,DSC07036.JPG
91.7504,DSC07037.JPG
96.0512,DSC07038.JPG
98.7136,DSC07039.JPG
103.219,DSC07040.JPG
106.701,DSC07041.JPG
110.387,DSC07042.JPG
110.182,DSC07043.JPG
12.288,DSC07044.JPG
6.144,DSC07045.JPG
7.5776,DSC07046.JPG
12.0832,DSC07047.JPG
16.1792,DSC07048.JPG
20.2752,DSC07049.JPG
24.3712,DSC07050.JPG
26.2144,DSC07051.JPG
32.1536,DSC07052.JPG
38.7072,DSC07053.JPG
43.8272,DSC07054.JPG
47.104,DSC07055.JPG
47.3088,DSC07056.JPG
51.8144,DSC07057.JPG
5.3248,DSC07058.JPG
5.12,DSC07059.JPG
7.168,DSC07060.JPG
10.0352,DSC07061.JPG
12.9024,DSC07062.JPG
14.7456,DSC07063.JPG
20.2752,DSC07064.JPG
24.9856,DSC07065.JPG
29.2864,DSC07066.JPG
33.792,DSC07067.JPG
36.2496,DSC07068.JPG
36.4544,DSC07069.JPG
43.4176,DSC07070.JPG
48.5376,DSC07071.JPG
52.8384,DSC07072.JPG
56.7296,DSC07073.JPG
59.392,DSC07074.JPG
60.8256,DSC07075.JPG
68.608,DSC07076.JPG
73.1136,DSC07077.JPG
77.4144,DSC07078.JPG
81.92,DSC07079.JPG
84.992,DSC07080.JPG
87.8592,DSC07081.JPG
89.088,DSC07082.JPG
93.3888,DSC07083.JPG
96.4608,DSC07084.JPG
99.9424,DSC07085.JPG
102.195,DSC07086.JPG
104.448,DSC07087.JPG
106.496,DSC07088.JPG
106.496,DSC07089.JPG
9.8304,DSC07090.JPG
1.024,DSC07091.JPG
1.024,DSC07092.JPG
2.2528,DSC07093.JPG
4.5056,DSC07094.JPG
7.3728,DSC07095.JPG
9.0112,DSC07096.JPG
9.0112,DSC07097.JPG
13.9264,DSC07098.JPG
16.9984,DSC07099.JPG
20.2752,DSC07100.JPG
22.9376,DSC07101.JPG
26.0096,DSC07102.JPG
28.2624,DSC07103.JPG
36.4544,DSC07104.JPG
42.1888,DSC07105.JPG
46.8992,DSC07106.JPG
51.4048,DSC07107.JPG
53.248,DSC07108.JPG
59.8016,DSC07109.JPG
63.488,DSC07110.JPG
67.584,DSC07111.JPG
71.4752,DSC07112.JPG
75.5712,DSC07113.JPG
78.848,DSC07114.JPG
81.7152,DSC07115.JPG
86.8352,DSC07116.JPG
91.7504,DSC07117.JPG
96.0512,DSC07118.JPG
98.9184,DSC07119.JPG
101.171,DSC07120.JPG
103.834,DSC07121.JPG
104.653,DSC07122.JPG
104.653,DSC07123.JPG
6.5536,DSC07124.JPG
6.9632,DSC07125.JPG
10.24,DSC07126.JPG
14.336,DSC07127.JPG
17.8176,DSC07128.JPG
22.7328,DSC07129.JPG
23.552,DSC07130.JPG
29.4912,DSC07131.JPG
34.816,DSC07132.JPG
39.3216,DSC07133.JPG
44.2368,DSC07134.JPG
46.6944,DSC07135.JPG
49.7664,DSC07136.JPG
50.9952,DSC07137.JPG
56.9344,DSC07138.JPG
60.8256,DSC07139.JPG
65.1264,DSC07140.JPG
69.632,DSC07141.JPG
72.9088,DSC07142.JPG
74.752,DSC07143.JPG
76.5952,DSC07144.JPG
78.0288,DSC07145.JPG
84.3776,DSC07146.JPG
88.2688,DSC07147.JPG
92.3648,DSC07148.JPG
97.0752,DSC07149.JPG
100.352,DSC07150.JPG
102.81,DSC07151.JPG
105.267,DSC07152.JPG
106.906,DSC07153.JPG
44.032,DSC07154.JPG
9.4208,DSC07155.JPG
9.8304,DSC07156.JPG
15.36,DSC07157.JPG
20.0704,DSC07158.JPG
24.1664,DSC07159.JPG
27.2384,DSC07160.JPG
28.672,DSC07161.JPG
38.0928,DSC07162.JPG
42.5984,DSC07163.JPG
48.128,DSC07164.JPG
52.6336,DSC07165.JPG
55.296,DSC07166.JPG
56.9344,DSC07167.JPG
62.8736,DSC07168.JPG
67.584,DSC07169.JPG
71.4752,DSC07170.JPG
75.9808,DSC07171.JPG
79.4624,DSC07172.JPG
82.7392,DSC07173.JPG
84.5824,DSC07174.JPG
85.8112,DSC07175.JPG
91.3408,DSC07176.JPG
96.0512,DSC07177.JPG
100.147,DSC07178.JPG
104.653,DSC07179.JPG
107.93,DSC07180.JPG
110.797,DSC07181.JPG
107.52,DSC07182.JPG
4.9152,DSC07183.JPG
1.8432,DSC07184.JPG
1.8432,DSC07185.JPG
3.4816,DSC07186.JPG
5.12,DSC07187.JPG
9.4208,DSC07188.JPG
12.9024,DSC07189.JPG
16.384,DSC07190.JPG
19.456,DSC07191.JPG
25.1904,DSC07192.JPG
30.3104,DSC07193.JPG
34.4064,DSC07194.JPG
38.5024,DSC07195.JPG
38.0928,DSC07196.JPG
41.7792,DSC07197.JPG
44.4416,DSC07198.JPG
51.4048,DSC07199.JPG
56.1152,DSC07200.JPG
59.8016,DSC07201.JPG
63.488,DSC07202.JPG
67.584,DSC07203.JPG
70.656,DSC07204.JPG
71.8848,DSC07205.JPG
77.4144,DSC07206.JPG
82.3296,DSC07207.JPG
85.6064,DSC07208.JPG
89.2928,DSC07209.JPG
92.16,DSC07210.JPG
94.6176,DSC07211.JPG
96.6656,DSC07212.JPG
98.5088,DSC07213.JPG
103.014,DSC07214.JPG
107.52,DSC07215.JPG
107.93,DSC07216.JPG
107.725,DSC07217.JPG
47.104,DSC07218.JPG
2.6624,DSC07219.JPG
2.6624,DSC07220.JPG
3.8912,DSC07221.JPG
5.12,DSC07222.JPG
5.7344,DSC07223.JPG
7.168,DSC07224.JPG
9.4208,DSC07225.JPG
12.0832,DSC07226.JPG
14.1312,DSC07227.JPG
15.5648,DSC07228.JPG
16.9984,DSC07229.JPG
22.3232,DSC07230.JPG
27.0336,DSC07231.JPG
31.1296,DSC07232.JPG
34.816,DSC07233.JPG
38.0928,DSC07234.JPG
40.96,DSC07235.JPG
40.7552,DSC07236.JPG
46.4896,DSC07237.JPG
50.9952,DSC07238.JPG
50.9952,DSC07239.JPG
55.7056,DSC07240.JPG
60.0064,DSC07241.JPG
64.7168,DSC07242.JPG
66.56,DSC07243.JPG
70.2464,DSC07244.JPG
73.9328,DSC07245.JPG
77.0048,DSC07246.JPG
79.872,DSC07247.JPG
81.7152,DSC07248.JPG
83.968,DSC07249.JPG
85.4016,DSC07250.JPG
89.4976,DSC07251.JPG
92.5696,DSC07252.JPG
95.232,DSC07253.JPG
97.4848,DSC07254.JPG
99.7376,DSC07255.JPG
102.195,DSC07256.JPG
105.267,DSC07257.JPG
4.9152,DSC07258.JPG
7.5776,DSC07259.JPG
9.6256,DSC07260.JPG
12.0832,DSC07261.JPG
17.2032,DSC07262.JPG
20.8896,DSC07263.JPG
24.576,DSC07264.JPG
27.2384,DSC07265.JPG
29.0816,DSC07266.JPG
34.4064,DSC07267.JPG
38.2976,DSC07268.JPG
41.984,DSC07269.JPG
41.5744,DSC07270.JPG
41.5744,DSC07271.JPG
45.2608,DSC07272.JPG
47.5136,DSC07273.JPG
49.7664,DSC07274.JPG
51.4048,DSC07275.JPG
51.2,DSC07276.JPG
56.7296,DSC07277.JPG
62.0544,DSC07278.JPG
65.9456,DSC07279.JPG
69.8368,DSC07280.JPG
72.704,DSC07281.JPG
74.5472,DSC07282.JPG
78.2336,DSC07283.JPG
82.3296,DSC07284.JPG
85.4016,DSC07285.JPG
88.4736,DSC07286.JPG
90.9312,DSC07287.JPG
93.5936,DSC07288.JPG
95.6416,DSC07289.JPG
98.7136,DSC07290.JPG
102.81,DSC07291.JPG
105.882,DSC07292.JPG
109.568,DSC07293.JPG
32.3584,DSC07294.JPG
10.4448,DSC07295.JPG
10.6496,DSC07296.JPG
15.7696,DSC07297.JPG
19.456,DSC07298.JPG
24.3712,DSC07299.JPG
28.0576,DSC07300.JPG
31.5392,DSC07301.JPG
35.2256,DSC07302.JPG
38.7072,DSC07303.JPG
42.1888,DSC07304.JPG
44.032,DSC07305.JPG
52.224,DSC07306.JPG
57.344,DSC07307.JPG
61.2352,DSC07308.JPG
64.7168,DSC07309.JPG
67.9936,DSC07310.JPG
70.8608,DSC07311.JPG
72.4992,DSC07312.JPG
77.0048,DSC07313.JPG
81.1008,DSC07314.JPG
85.4016,DSC07315.JPG
88.6784,DSC07316.JPG
93.3888,DSC07317.JPG
95.8464,DSC07318.JPG
98.7136,DSC07319.JPG
101.376,DSC07320.JPG
104.653,DSC07321.JPG
109.158,DSC07322.JPG
71.4752,DSC07323.JPG
4.3008,DSC07324.JPG
4.9152,DSC07325.JPG
6.9632,DSC07326.JPG
11.8784,DSC07327.JPG
15.7696,DSC07328.JPG
18.2272,DSC07329.JPG
24.3712,DSC07330.JPG
29.696,DSC07331.JPG
33.3824,DSC07332.JPG
37.0688,DSC07333.JPG
39.3216,DSC07334.JPG
47.5136,DSC07335.JPG
54.272,DSC07336.JPG
58.368,DSC07337.JPG
61.0304,DSC07338.JPG
62.6688,DSC07339.JPG
67.9936,DSC07340.JPG
72.9088,DSC07341.JPG
77.6192,DSC07342.JPG
82.1248,DSC07343.JPG
84.5824,DSC07344.JPG
85.4016,DSC07345.JPG
89.9072,DSC07346.JPG
93.7984,DSC07347.JPG
96.4608,DSC07348.JPG
99.1232,DSC07349.JPG
101.581,DSC07350.JPG
102.81,DSC07351.JPG
102.81,DSC07352.JPG
108.134,DSC07353.JPG
45.6704,DSC07354.JPG
11.264,DSC07355.JPG
11.6736,DSC07356.JPG
15.36,DSC07357.JPG
16.5888,DSC07358.JPG
21.504,DSC07359.JPG
24.576,DSC07360.JPG
27.648,DSC07361.JPG
31.1296,DSC07362.JPG
33.3824,DSC07363.JPG
36.4544,DSC07364.JPG
42.5984,DSC07365.JPG
46.2848,DSC07366.JPG
49.5616,DSC07367.JPG
52.4288,DSC07368.JPG
55.296,DSC07369.JPG
58.1632,DSC07370.JPG
59.5968,DSC07371.JPG
64.512,DSC07372.JPG
68.608,DSC07373.JPG
72.0896,DSC07374.JPG
74.3424,DSC07375.JPG
77.2096,DSC07376.JPG
79.2576,DSC07377.JPG
80.2816,DSC07378.JPG
84.5824,DSC07379.JPG
88.064,DSC07380.JPG
91.9552,DSC07381.JPG
95.232,DSC07382.JPG
97.6896,DSC07383.JPG
100.557,DSC07384.JPG
101.99,DSC07385.JPG
101.786,DSC07386.JPG
12.6976,DSC07387.JPG
13.7216,DSC07388.JPG
20.0704,DSC07389.JPG
25.1904,DSC07390.JPG
28.672,DSC07391.JPG
31.9488,DSC07392.JPG
33.792,DSC07393.JPG
40.5504,DSC07394.JPG
44.6464,DSC07395.JPG
47.9232,DSC07396.JPG
51.6096,DSC07397.JPG
54.4768,DSC07398.JPG
56.5248,DSC07399.JPG
56.7296,DSC07400.JPG
63.0784,DSC07401.JPG
67.7888,DSC07402.JPG
70.8608,DSC07403.JPG
73.3184,DSC07404.JPG
76.3904,DSC07405.JPG
78.2336,DSC07406.JPG
82.3296,DSC07407.JPG
86.016,DSC07408.JPG
89.7024,DSC07409.JPG
92.16,DSC07410.JPG
94.6176,DSC07411.JPG
96.6656,DSC07412.JPG
98.0992,DSC07413.JPG
102.605,DSC07414.JPG
107.11,DSC07415.JPG
57.1392,DSC07416.JPG
7.5776,DSC07417.JPG
10.4448,DSC07418.JPG
12.4928,DSC07419.JPG
18.8416,DSC07420.JPG
24.1664,DSC07421.JPG
28.0576,DSC07422.JPG
32.5632,DSC07423.JPG
33.1776,DSC07424.JPG
41.7792,DSC07425.JPG
47.3088,DSC07426.JPG
53.0432,DSC07427.JPG
57.5488,DSC07428.JPG
60.8256,DSC07429.JPG
68.608,DSC07430.JPG
71.8848,DSC07431.JPG
77.824,DSC07432.JPG
81.92,DSC07433.JPG
84.5824,DSC07434.JPG
90.112,DSC07435.JPG
94.0032,DSC07436.JPG
98.9184,DSC07437.JPG
101.99,DSC07438.JPG
103.834,DSC07439.JPG
106.086,DSC07440.JPG
18.8416,DSC07441.JPG
7.3728,DSC07442.JPG
12.4928,DSC07443.JPG
16.9984,DSC07444.JPG
26.4192,DSC07445.JPG
31.3344,DSC07446.JPG
34.6112,DSC07447.JPG
34.6112,DSC07448.JPG
40.96,DSC07449.JPG
48.7424,DSC07450.JPG
52.8384,DSC07451.JPG
56.32,DSC07452.JPG
58.7776,DSC07453.JPG
58.5728,DSC07454.JPG
65.536,DSC07455.JPG
69.8368,DSC07456.JPG
74.1376,DSC07457.JPG
8.8064,DSC07458.JPG
11.4688,DSC07459.JPG
11.264,DSC07460.JPG
14.1312,DSC07461.JPG
14.1312,DSC07462.JPG
16.384,DSC07463.JPG
19.2512,DSC07464.JPG
22.528,DSC07465.JPG
22.7328,DSC07466.JPG
29.696,DSC07467.JPG
34.4064,DSC07468.JPG
38.7072,DSC07469.JPG
43.008,DSC07470.JPG
45.8752,DSC07471.JPG
46.2848,DSC07472.JPG
53.6576,DSC07473.JPG
58.368,DSC07474.JPG
62.2592,DSC07475.JPG
65.9456,DSC07476.JPG
69.0176,DSC07477.JPG
70.8608,DSC07478.JPG
71.8848,DSC07479.JPG
71.68,DSC07480.JPG
76.8,DSC07481.JPG
80.6912,DSC07482.JPG
85.1968,DSC07483.JPG
87.8592,DSC07484.JPG
90.5216,DSC07485.JPG
91.5456,DSC07486.JPG
92.9792,DSC07487.JPG
92.9792,DSC07488.JPG
97.28,DSC07489.JPG
100.966,DSC07490.JPG
103.834,DSC07491.JPG
107.11,DSC07492.JPG
9.4208,DSC07493.JPG
9.6256,DSC07494.JPG
12.6976,DSC07495.JPG
14.7456,DSC07496.JPG
20.0704,DSC07497.JPG
24.9856,DSC07498.JPG
27.648,DSC07499.JPG
36.2496,DSC07500.JPG
43.2128,DSC07501.JPG
46.4896,DSC07502.JPG
48.7424,DSC07503.JPG
54.8864,DSC07504.JPG
60.8256,DSC07505.JPG
64.7168,DSC07506.JPG
67.9936,DSC07507.JPG
69.4272,DSC07508.JPG
75.776,DSC07509.JPG
81.92,DSC07510.JPG
83.3536,DSC07511.JPG
84.1728,DSC07512.JPG
83.968,DSC07513.JPG
87.04,DSC07514.JPG
93.7984,DSC07515.JPG
94.6176,DSC07516.JPG
97.6896,DSC07517.JPG
99.5328,DSC07518.JPG
99.7376,DSC07519.JPG
99.5328,DSC07520.JPG
104.448,DSC07521.JPG
107.725,DSC07522.JPG
72.2944,DSC07523.JPG
10.0352,DSC07524.JPG
10.8544,DSC07525.JPG
13.312,DSC07526.JPG
16.9984,DSC07527.JPG
18.0224,DSC07528.JPG
20.8896,DSC07529.JPG
21.9136,DSC07530.JPG
24.9856,DSC07531.JPG
29.0816,DSC07532.JPG
30.9248,DSC07533.JPG
40.7552,DSC07534.JPG
47.104,DSC07535.JPG
52.4288,DSC07536.JPG
54.8864,DSC07537.JPG
56.1152,DSC07538.JPG
62.464,DSC07539.JPG
66.56,DSC07540.JPG
69.8368,DSC07541.JPG
72.704,DSC07542.JPG
74.752,DSC07543.JPG
74.5472,DSC07544.JPG
78.6432,DSC07545.JPG
83.968,DSC07546.JPG
88.064,DSC07547.JPG
92.3648,DSC07548.JPG
95.4368,DSC07549.JPG
98.0992,DSC07550.JPG
100.557,DSC07551.JPG
100.557,DSC07552.JPG
103.834,DSC07553.JPG
108.749,DSC07554.JPG
112.23,DSC07555.JPG
69.0176,DSC07556.JPG
11.6736,DSC07557.JPG
15.1552,DSC07558.JPG
21.504,DSC07559.JPG
26.4192,DSC07560.JPG
30.5152,DSC07561.JPG
37.4784,DSC07562.JPG
43.2128,DSC07563.JPG
47.3088,DSC07564.JPG
50.5856,DSC07565.JPG
53.6576,DSC07566.JPG
60.0064,DSC07567.JPG
64.7168,DSC07568.JPG
67.584,DSC07569.JPG
69.8368,DSC07570.JPG
71.68,DSC07571.JPG
77.824,DSC07572.JPG
81.5104,DSC07573.JPG
84.7872,DSC07574.JPG
86.8352,DSC07575.JPG
90.7264,DSC07576.JPG
93.7984,DSC07577.JPG
96.4608,DSC07578.JPG
97.28,DSC07579.JPG
102.4,DSC07580.JPG
107.315,DSC07581.JPG
107.315,DSC07582.JPG
17.2032,DSC07583.JPG
18.0224,DSC07584.JPG
23.552,DSC07585.JPG
28.2624,DSC07586.JPG
32.5632,DSC07587.JPG
35.6352,DSC07588.JPG
41.984,DSC07589.JPG
46.2848,DSC07590.JPG
49.9712,DSC07591.JPG
53.8624,DSC07592.JPG
56.7296,DSC07593.JPG
61.2352,DSC07594.JPG
65.7408,DSC07595.JPG
69.0176,DSC07596.JPG
71.8848,DSC07597.JPG
74.752,DSC07598.JPG
78.2336,DSC07599.JPG
81.1008,DSC07600.JPG
82.944,DSC07601.JPG
84.5824,DSC07602.JPG
85.1968,DSC07603.JPG
90.3168,DSC07604.JPG
94.4128,DSC07605.JPG
97.4848,DSC07606.JPG
99.7376,DSC07607.JPG
100.762,DSC07608.JPG
104.448,DSC07609.JPG
107.93,DSC07610.JPG
110.797,DSC07611.JPG
78.0288,DSC07612.JPG
14.7456,DSC07613.JPG
15.1552,DSC07614.JPG
21.0944,DSC07615.JPG
24.7808,DSC07616.JPG
29.0816,DSC07617.JPG
31.9488,DSC07618.JPG
34.816,DSC07619.JPG
35.2256,DSC07620.JPG
40.96,DSC07621.JPG
45.2608,DSC07622.JPG
49.152,DSC07623.JPG
52.0192,DSC07624.JPG
54.8864,DSC07625.JPG
57.344,DSC07626.JPG
59.5968,DSC07627.JPG
59.392,DSC07628.JPG
63.8976,DSC07629.JPG
68.8128,DSC07630.JPG
72.704,DSC07631.JPG
74.9568,DSC07632.JPG
77.2096,DSC07633.JPG
79.6672,DSC07634.JPG
85.1968,DSC07635.JPG
88.6784,DSC07636.JPG
88.6784,DSC07637.JPG
92.5696,DSC07638.JPG
96.0512,DSC07639.JPG
99.7376,DSC07640.JPG
102.81,DSC07641.JPG
104.243,DSC07642.JPG
104.243,DSC07643.JPG
77.2096,DSC07644.JPG
3.072,DSC07645.JPG
3.072,DSC07646.JPG
4.7104,DSC07647.JPG
4.5056,DSC07648.JPG
5.9392,DSC07649.JPG
7.5776,DSC07650.JPG
9.4208,DSC07651.JPG
13.1072,DSC07652.JPG
15.9744,DSC07653.JPG
18.8416,DSC07654.JPG
21.7088,DSC07655.JPG
22.7328,DSC07656.JPG
29.2864,DSC07657.JPG
5.3248,DSC07673.JPG
5.5296,DSC07674.JPG
5.5296,DSC07675.JPG
8.192,DSC07676.JPG
10.0352,DSC07677.JPG
12.0832,DSC07678.JPG
17.408,DSC07679.JPG
21.7088,DSC07680.JPG
25.6,DSC07681.JPG
28.4672,DSC07682.JPG
36.864,DSC07683.JPG
42.5984,DSC07684.JPG
48.128,DSC07685.JPG
52.4288,DSC07686.JPG
52.224,DSC07687.JPG
60.8256,DSC07688.JPG
66.9696,DSC07689.JPG
71.0656,DSC07690.JPG
74.3424,DSC07691.JPG
75.776,DSC07692.JPG
75.776,DSC07693.JPG
84.3776,DSC07694.JPG
89.7024,DSC07695.JPG
94.0032,DSC07696.JPG
94.0032,DSC07697.JPG
99.328,DSC07698.JPG
103.014,DSC07699.JPG
106.291,DSC07700.JPG
108.544,DSC07701.JPG
113.459,DSC07702.JPG
113.254,DSC07703.JPG
113.254,DSC07704.JPG
26.0096,DSC07705.JPG
11.264,DSC07706.JPG
18.432,DSC07707.JPG
21.9136,DSC07708.JPG
30.3104,DSC07709.JPG
35.84,DSC07710.JPG
40.96,DSC07711.JPG
44.2368,DSC07712.JPG
46.4896,DSC07713.JPG
55.5008,DSC07714.JPG
63.2832,DSC07715.JPG
69.0176,DSC07716.JPG
71.8848,DSC07717.JPG
73.9328,DSC07718.JPG
74.3424,DSC07719.JPG
82.5344,DSC07720.JPG
88.2688,DSC07721.JPG
92.16,DSC07722.JPG
95.232,DSC07723.JPG
97.0752,DSC07724.JPG
104.448,DSC07725.JPG
110.797,DSC07726.JPG
115.507,DSC07727.JPG
9.0112,DSC07728.JPG
9.4208,DSC07729.JPG
12.9024,DSC07730.JPG
20.48,DSC07731.JPG
25.6,DSC07732.JPG
29.696,DSC07733.JPG
33.3824,DSC07734.JPG
33.9968,DSC07735.JPG
41.5744,DSC07736.JPG
47.3088,DSC07737.JPG
51.8144,DSC07738.JPG
55.0912,DSC07739.JPG
57.5488,DSC07740.JPG
60.2112,DSC07741.JPG
67.7888,DSC07742.JPG
72.2944,DSC07743.JPG
76.8,DSC07744.JPG
79.4624,DSC07745.JPG
82.1248,DSC07746.JPG
84.7872,DSC07747.JPG
85.1968,DSC07748.JPG
85.1968,DSC07749.JPG
92.7744,DSC07750.JPG
98.0992,DSC07751.JPG
101.581,DSC07752.JPG
104.653,DSC07753.JPG
107.11,DSC07754.JPG
112.64,DSC07755.JPG
113.664,DSC07756.JPG
47.104,DSC07757.JPG
10.8544,DSC07758.JPG
14.5408,DSC07759.JPG
21.504,DSC07760.JPG
26.8288,DSC07761.JPG
30.9248,DSC07762.JPG
34.4064,DSC07763.JPG
41.984,DSC07764.JPG
47.7184,DSC07765.JPG
52.8384,DSC07766.JPG
57.1392,DSC07767.JPG
59.5968,DSC07768.JPG
62.6688,DSC07769.JPG
71.0656,DSC07770.JPG
75.9808,DSC07771.JPG
80.2816,DSC07772.JPG
83.7632,DSC07773.JPG
87.04,DSC07774.JPG
89.7024,DSC07775.JPG
89.4976,DSC07776.JPG
96.4608,DSC07777.JPG
100.557,DSC07778.JPG
103.834,DSC07779.JPG
106.906,DSC07780.JPG
109.568,DSC07781.JPG
115.302,DSC07782.JPG
120.422,DSC07783.JPG
120.013,DSC07784.JPG
7.168,DSC07785.JPG
12.6976,DSC07786.JPG
21.2992,DSC07787.JPG
27.8528,DSC07788.JPG
29.696,DSC07789.JPG
39.5264,DSC07790.JPG
46.2848,DSC07791.JPG
50.5856,DSC07792.JPG
54.0672,DSC07793.JPG
55.9104,DSC07794.JPG
66.3552,DSC07795.JPG
71.4752,DSC07796.JPG
76.8,DSC07797.JPG
80.6912,DSC07798.JPG
84.7872,DSC07799.JPG
90.9312,DSC07800.JPG
98.5088,DSC07801.JPG
102.4,DSC07802.JPG
105.472,DSC07803.JPG
107.315,DSC07804.JPG
108.339,DSC07805.JPG
47.5136,DSC07806.JPG
9.6256,DSC07807.JPG
14.336,DSC07808.JPG
22.7328,DSC07809.JPG
29.2864,DSC07810.JPG
32.5632,DSC07811.JPG
36.0448,DSC07812.JPG
44.4416,DSC07813.JPG
47.104,DSC07814.JPG
49.5616,DSC07815.JPG
51.8144,DSC07816.JPG
59.5968,DSC07817.JPG
63.2832,DSC07818.JPG
67.9936,DSC07819.JPG
71.2704,DSC07820.JPG
74.3424,DSC07821.JPG
76.5952,DSC07822.JPG
78.6432,DSC07823.JPG
79.4624,DSC07824.JPG
88.4736,DSC07825.JPG
93.5936,DSC07826.JPG
96.6656,DSC07827.JPG
98.7136,DSC07828.JPG
100.557,DSC07829.JPG
102.605,DSC07830.JPG
102.81,DSC07831.JPG
106.906,DSC07832.JPG
109.773,DSC07833.JPG
8.6016,DSC07834.JPG
11.4688,DSC07835.JPG
18.432,DSC07836.JPG
24.3712,DSC07837.JPG
28.4672,DSC07838.JPG
30.1056,DSC07839.JPG
36.6592,DSC07840.JPG
45.8752,DSC07841.JPG
49.9712,DSC07842.JPG
54.272,DSC07843.JPG
56.7296,DSC07844.JPG
58.7776,DSC07845.JPG
63.488,DSC07846.JPG
70.2464,DSC07847.JPG
74.3424,DSC07848.JPG
77.4144,DSC07849.JPG
80.2816,DSC07850.JPG
83.1488,DSC07851.JPG
84.3776,DSC07852.JPG
88.4736,DSC07853.JPG
95.232,DSC07854.JPG
99.328,DSC07855.JPG
103.014,DSC07856.JPG
105.472,DSC07857.JPG
108.134,DSC07858.JPG
108.954,DSC07859.JPG
109.363,DSC07860.JPG
11.6736,DSC07861.JPG
15.9744,DSC07862.JPG
18.8416,DSC07863.JPG
25.1904,DSC07864.JPG
32.1536,DSC07865.JPG
36.4544,DSC07866.JPG
38.912,DSC07867.JPG
40.1408,DSC07868.JPG
44.6464,DSC07869.JPG
53.8624,DSC07870.JPG
57.344,DSC07871.JPG
60.416,DSC07872.JPG
4.7104,DSC07873.JPG
4.7104,DSC07874.JPG
6.9632,DSC07875.JPG
10.4448,DSC07876.JPG
11.0592,DSC07877.JPG
16.9984,DSC07878.JPG
20.8896,DSC07879.JPG
25.1904,DSC07880.JPG
27.8528,DSC07881.JPG
27.8528,DSC07882.JPG
33.5872,DSC07883.JPG
37.888,DSC07884.JPG
42.1888,DSC07885.JPG
47.104,DSC07886.JPG
51.2,DSC07887.JPG
51.8144,DSC07888.JPG
58.1632,DSC07889.JPG
62.2592,DSC07890.JPG
65.536,DSC07891.JPG
68.608,DSC07892.JPG
71.4752,DSC07893.JPG
71.8848,DSC07894.JPG
78.0288,DSC07895.JPG
82.5344,DSC07896.JPG
84.7872,DSC07897.JPG
89.2928,DSC07898.JPG
93.3888,DSC07899.JPG
94.8224,DSC07900.JPG
98.7136,DSC07901.JPG
102.195,DSC07902.JPG
105.677,DSC07903.JPG
107.52,DSC07904.JPG
107.52,DSC07905.JPG
15.5648,DSC07906.JPG
9.216,DSC07907.JPG
14.5408,DSC07908.JPG
14.9504,DSC07909.JPG
19.2512,DSC07910.JPG
21.504,DSC07911.JPG
21.504,DSC07912.JPG
28.672,DSC07913.JPG
33.792,DSC07914.JPG
38.912,DSC07915.JPG
41.7792,DSC07916.JPG
44.8512,DSC07917.JPG
44.8512,DSC07918.JPG
51.8144,DSC07919.JPG
57.5488,DSC07920.JPG
62.464,DSC07921.JPG
66.7648,DSC07922.JPG
69.8368,DSC07923.JPG
71.8848,DSC07924.JPG
78.4384,DSC07925.JPG
81.7152,DSC07926.JPG
84.7872,DSC07927.JPG
87.04,DSC07928.JPG
86.8352,DSC07929.JPG
90.112,DSC07930.JPG
94.208,DSC07931.JPG
98.304,DSC07932.JPG
102.4,DSC07933.JPG
106.496,DSC07934.JPG
109.568,DSC07935.JPG
109.363,DSC07936.JPG
12.9024,DSC07937.JPG
9.8304,DSC07938.JPG
14.336,DSC07939.JPG
25.3952,DSC07940.JPG
32.3584,DSC07941.JPG
38.0928,DSC07942.JPG
40.7552,DSC07943.JPG
48.5376,DSC07944.JPG
53.6576,DSC07945.JPG
59.5968,DSC07946.JPG
63.488,DSC07947.JPG
66.7648,DSC07948.JPG
68.8128,DSC07949.JPG
75.1616,DSC07950.JPG
80.0768,DSC07951.JPG
84.3776,DSC07952.JPG
86.016,DSC07953.JPG
89.7024,DSC07954.JPG
91.5456,DSC07955.JPG
96.6656,DSC07956.JPG
99.9424,DSC07957.JPG
103.014,DSC07958.JPG
105.267,DSC07959.JPG
105.062,DSC07960.JPG
10.24,DSC07961.JPG
10.4448,DSC07962.JPG
17.2032,DSC07963.JPG
22.1184,DSC07964.JPG
26.2144,DSC07965.JPG
29.4912,DSC07966.JPG
31.9488,DSC07967.JPG
33.5872,DSC07968.JPG
41.3696,DSC07969.JPG
46.2848,DSC07970.JPG
51.2,DSC07971.JPG
54.4768,DSC07972.JPG
57.9584,DSC07973.JPG
58.5728,DSC07974.JPG
65.9456,DSC07975.JPG
71.68,DSC07976.JPG
77.6192,DSC07977.JPG
81.3056,DSC07978.JPG
84.5824,DSC07979.JPG
84.992,DSC07980.JPG
84.992,DSC07981.JPG
88.8832,DSC07982.JPG
94.0032,DSC07983.JPG
97.6896,DSC07984.JPG
101.786,DSC07985.JPG
104.653,DSC07986.JPG
107.11,DSC07987.JPG
28.8768,DSC07988.JPG
8.3968,DSC07989.JPG
8.8064,DSC07990.JPG
19.6608,DSC07991.JPG
24.7808,DSC07992.JPG
26.0096,DSC07993.JPG
33.792,DSC07994.JPG
38.7072,DSC07995.JPG
43.6224,DSC07996.JPG
47.9232,DSC07997.JPG
50.7904,DSC07998.JPG
54.4768,DSC07999.JPG
64.3072,DSC08000.JPG
69.4272,DSC08001.JPG
72.4992,DSC08002.JPG
72.704,DSC08003.JPG
79.872,DSC08004.JPG
85.8112,DSC08005.JPG
89.7024,DSC08006.JPG
89.4976,DSC08007.JPG
93.5936,DSC08008.JPG
96.6656,DSC08009.JPG
96.8704,DSC08010.JPG
100.966,DSC08011.JPG
104.038,DSC08012.JPG
110.182,DSC08013.JPG
112.845,DSC08014.JPG
16.7936,DSC08015.JPG
15.9744,DSC08016.JPG
19.0464,DSC08017.JPG
20.2752,DSC08018.JPG
27.4432,DSC08019.JPG
31.3344,DSC08020.JPG
35.84,DSC08021.JPG
38.912,DSC08022.JPG
41.984,DSC08023.JPG
44.2368,DSC08024.JPG
46.4896,DSC08025.JPG
52.0192,DSC08026.JPG
57.7536,DSC08027.JPG
60.0064,DSC08028.JPG
62.8736,DSC08029.JPG
66.1504,DSC08030.JPG
70.2464,DSC08031.JPG
72.4992,DSC08032.JPG
72.2944,DSC08033.JPG
78.6432,DSC08034.JPG
82.7392,DSC08035.JPG
87.04,DSC08036.JPG
91.136,DSC08037.JPG
94.6176,DSC08038.JPG
97.0752,DSC08039.JPG
97.28,DSC08040.JPG
99.328,DSC08041.JPG
105.882,DSC08042.JPG
109.978,DSC08043.JPG
29.0816,DSC08044.JPG
12.9024,DSC08045.JPG
17.6128,DSC08046.JPG
20.6848,DSC08047.JPG
22.1184,DSC08048.JPG
24.3712,DSC08049.JPG
32.768,DSC08050.JPG
35.4304,DSC08051.JPG
40.7552,DSC08052.JPG
44.032,DSC08053.JPG
45.6704,DSC08054.JPG
47.9232,DSC08055.JPG
47.9232,DSC08056.JPG
50.9952,DSC08057.JPG
58.7776,DSC08058.JPG
63.6928,DSC08059.JPG
68.8128,DSC08060.JPG
74.1376,DSC08061.JPG
76.3904,DSC08062.JPG
78.6432,DSC08063.JPG
82.7392,DSC08064.JPG
88.4736,DSC08065.JPG
92.3648,DSC08066.JPG
95.0272,DSC08067.JPG
98.7136,DSC08068.JPG
102.81,DSC08069.JPG
105.062,DSC08070.JPG
105.062,DSC08071.JPG
9.0112,DSC08072.JPG
5.12,DSC08073.JPG
4.9152,DSC08074.JPG
7.7824,DSC08075.JPG
8.8064,DSC08076.JPG
14.7456,DSC08077.JPG
19.0464,DSC08078.JPG
21.7088,DSC08079.JPG
29.0816,DSC08080.JPG
35.0208,DSC08081.JPG
39.1168,DSC08082.JPG
41.7792,DSC08083.JPG
49.9712,DSC08084.JPG
55.0912,DSC08085.JPG
57.7536,DSC08086.JPG
60.2112,DSC08087.JPG
60.8256,DSC08088.JPG
64.9216,DSC08089.JPG
69.632,DSC08090.JPG
74.1376,DSC08091.JPG
78.6432,DSC08092.JPG
82.1248,DSC08093.JPG
84.1728,DSC08094.JPG
88.6784,DSC08095.JPG
92.3648,DSC08096.JPG
96.8704,DSC08097.JPG
100.352,DSC08098.JPG
102.605,DSC08099.JPG
103.629,DSC08100.JPG
25.6,DSC08101.JPG
5.7344,DSC08102.JPG
5.7344,DSC08103.JPG
9.4208,DSC08104.JPG
12.9024,DSC08105.JPG
15.7696,DSC08106.JPG
18.0224,DSC08107.JPG
20.8896,DSC08108.JPG
27.648,DSC08109.JPG
31.1296,DSC08110.JPG
35.4304,DSC08111.JPG
39.1168,DSC08112.JPG
42.3936,DSC08113.JPG
45.056,DSC08114.JPG
51.6096,DSC08115.JPG
56.7296,DSC08116.JPG
61.6448,DSC08117.JPG
65.3312,DSC08118.JPG
67.9936,DSC08119.JPG
67.584,DSC08120.JPG
73.3184,DSC08121.JPG
78.2336,DSC08122.JPG
82.3296,DSC08123.JPG
87.04,DSC08124.JPG
90.3168,DSC08125.JPG
92.5696,DSC08126.JPG
92.7744,DSC08127.JPG
99.328,DSC08128.JPG
103.424,DSC08129.JPG
107.93,DSC08130.JPG
112.435,DSC08131.JPG
112.435,DSC08132.JPG
11.264,DSC08133.JPG
16.7936,DSC08134.JPG
16.9984,DSC08135.JPG
22.1184,DSC08136.JPG
25.6,DSC08137.JPG
30.72,DSC08138.JPG
36.4544,DSC08139.JPG
36.4544,DSC08140.JPG
43.008,DSC08141.JPG
49.152,DSC08142.JPG
54.272,DSC08143.JPG
57.9584,DSC08144.JPG
61.8496,DSC08145.JPG
61.8496,DSC08146.JPG
69.8368,DSC08147.JPG
75.1616,DSC08148.JPG
79.4624,DSC08149.JPG
84.1728,DSC08150.JPG
87.4496,DSC08151.JPG
87.04,DSC08152.JPG
89.4976,DSC08153.JPG
90.5216,DSC08154.JPG
94.6176,DSC08155.JPG
97.6896,DSC08156.JPG
100.352,DSC08157.JPG
102.4,DSC08158.JPG
106.291,DSC08159.JPG
105.882,DSC08160.JPG
15.7696,DSC08161.JPG
5.3248,DSC08162.JPG
10.4448,DSC08163.JPG
15.1552,DSC08164.JPG
16.5888,DSC08165.JPG
23.552,DSC08166.JPG
28.8768,DSC08167.JPG
33.1776,DSC08168.JPG
36.4544,DSC08169.JPG
39.1168,DSC08170.JPG
40.3456,DSC08171.JPG
46.8992,DSC08172.JPG
53.248,DSC08173.JPG
55.7056,DSC08174.JPG
55.7056,DSC08175.JPG
60.6208,DSC08176.JPG
64.512,DSC08177.JPG
67.7888,DSC08178.JPG
68.8128,DSC08179.JPG
68.8128,DSC08180.JPG
73.728,DSC08181.JPG
79.2576,DSC08182.JPG
84.5824,DSC08183.JPG
88.2688,DSC08184.JPG
90.5216,DSC08185.JPG
92.7744,DSC08186.JPG
93.3888,DSC08187.JPG
98.0992,DSC08188.JPG
102.605,DSC08189.JPG
107.315,DSC08190.JPG
110.182,DSC08191.JPG
113.254,DSC08192.JPG
90.9312,DSC08193.JPG
9.216,DSC08194.JPG
9.4208,DSC08195.JPG
14.9504,DSC08196.JPG
18.6368,DSC08197.JPG
22.9376,DSC08198.JPG
27.4432,DSC08199.JPG
31.744,DSC08200.JPG
31.5392,DSC08201.JPG
37.6832,DSC08202.JPG
44.032,DSC08203.JPG
50.176,DSC08204.JPG
54.4768,DSC08205.JPG
57.344,DSC08206.JPG
58.9824,DSC08207.JPG
65.536,DSC08208.JPG
70.0416,DSC08209.JPG
74.3424,DSC08210.JPG
78.4384,DSC08211.JPG
81.5104,DSC08212.JPG
83.968,DSC08213.JPG
90.5216,DSC08214.JPG
94.6176,DSC08215.JPG
99.1232,DSC08216.JPG
103.219,DSC08217.JPG
108.544,DSC08218.JPG
111.206,DSC08219.JPG
81.7152,DSC08220.JPG
9.0112,DSC08221.JPG
15.36,DSC08222.JPG
20.0704,DSC08223.JPG
24.9856,DSC08224.JPG
32.3584,DSC08225.JPG
38.0928,DSC08226.JPG
42.3936,DSC08227.JPG
45.8752,DSC08228.JPG
47.5136,DSC08229.JPG
53.248,DSC08230.JPG
57.7536,DSC08231.JPG
61.6448,DSC08232.JPG
66.1504,DSC08233.JPG
69.632,DSC08234.JPG
72.4992,DSC08235.JPG
74.3424,DSC08236.JPG
81.1008,DSC08237.JPG
85.6064,DSC08238.JPG
90.7264,DSC08239.JPG
93.7984,DSC08240.JPG
97.0752,DSC08241.JPG
99.5328,DSC08242.JPG
103.834,DSC08243.JPG
108.749,DSC08244.JPG
112.845,DSC08245.JPG
51.8144,DSC08246.JPG
9.6256,DSC08247.JPG
13.9264,DSC08248.JPG
20.2752,DSC08249.JPG
25.1904,DSC08250.JPG
28.672,DSC08251.JPG
31.744,DSC08252.JPG
38.912,DSC08253.JPG
44.2368,DSC08254.JPG
48.5376,DSC08255.JPG
52.4288,DSC08256.JPG
56.1152,DSC08257.JPG
56.7296,DSC08258.JPG
63.8976,DSC08259.JPG
69.2224,DSC08260.JPG
73.3184,DSC08261.JPG
74.9568,DSC08262.JPG
75.9808,DSC08263.JPG
84.1728,DSC08264.JPG
87.04,DSC08265.JPG
90.3168,DSC08266.JPG
93.3888,DSC08267.JPG
97.0752,DSC08268.JPG
100.147,DSC08269.JPG
102.4,DSC08270.JPG
102.81,DSC08271.JPG
108.544,DSC08272.JPG
5.12,DSC08347.JPG
7.168,DSC08348.JPG
9.216,DSC08349.JPG
12.288,DSC08350.JPG
15.1552,DSC08351.JPG
18.6368,DSC08352.JPG
19.6608,DSC08353.JPG
25.8048,DSC08354.JPG
29.4912,DSC08355.JPG
33.1776,DSC08356.JPG
37.0688,DSC08357.JPG
40.3456,DSC08358.JPG
42.8032,DSC08359.JPG
45.2608,DSC08360.JPG
51.4048,DSC08361.JPG
55.5008,DSC08362.JPG
58.7776,DSC08363.JPG
61.44,DSC08364.JPG
63.488,DSC08365.JPG
65.7408,DSC08366.JPG
67.7888,DSC08367.JPG
68.8128,DSC08368.JPG
74.1376,DSC08369.JPG
77.4144,DSC08370.JPG
79.872,DSC08371.JPG
82.7392,DSC08372.JPG
85.1968,DSC08373.JPG
87.6544,DSC08374.JPG
89.9072,DSC08375.JPG
90.7264,DSC08376.JPG
95.4368,DSC08377.JPG
97.6896,DSC08378.JPG
100.147,DSC08379.JPG
102.4,DSC08380.JPG
105.062,DSC08381.JPG
25.8048,DSC08382.JPG
11.4688,DSC08383.JPG
20.6848,DSC08384.JPG
26.2144,DSC08385.JPG
30.5152,DSC08386.JPG
33.5872,DSC08387.JPG
40.7552,DSC08388.JPG
45.2608,DSC08389.JPG
49.3568,DSC08390.JPG
53.248,DSC08391.JPG
55.9104,DSC08392.JPG
58.5728,DSC08393.JPG
60.6208,DSC08394.JPG
62.6688,DSC08395.JPG
66.1504,DSC08396.JPG
72.9088,DSC08397.JPG
75.9808,DSC08398.JPG
79.0528,DSC08399.JPG
81.3056,DSC08400.JPG
82.3296,DSC08401.JPG
83.5584,DSC08402.JPG
87.6544,DSC08403.JPG
90.7264,DSC08404.JPG
94.208,DSC08405.JPG
97.0752,DSC08406.JPG
100.557,DSC08407.JPG
102.81,DSC08408.JPG
103.014,DSC08409.JPG
15.9744,DSC08410.JPG
11.264,DSC08411.JPG
18.432,DSC08412.JPG
22.7328,DSC08413.JPG
26.4192,DSC08414.JPG
29.9008,DSC08415.JPG
32.3584,DSC08416.JPG
35.4304,DSC08417.JPG
37.4784,DSC08418.JPG
43.6224,DSC08419.JPG
48.128,DSC08420.JPG
51.6096,DSC08421.JPG
55.5008,DSC08422.JPG
57.9584,DSC08423.JPG
60.416,DSC08424.JPG
62.2592,DSC08425.JPG
64.1024,DSC08426.JPG
68.4032,DSC08427.JPG
71.68,DSC08428.JPG
74.1376,DSC08429.JPG
76.8,DSC08430.JPG
78.6432,DSC08431.JPG
81.3056,DSC08432.JPG
82.7392,DSC08433.JPG
84.1728,DSC08434.JPG
86.2208,DSC08435.JPG
86.4256,DSC08436.JPG
89.7024,DSC08437.JPG
94.6176,DSC08438.JPG
96.8704,DSC08439.JPG
99.5328,DSC08440.JPG
101.376,DSC08441.JPG
104.653,DSC08442.JPG
41.984,DSC08443.JPG
7.7824,DSC08444.JPG
14.1312,DSC08445.JPG
18.432,DSC08446.JPG
23.1424,DSC08447.JPG
27.2384,DSC08448.JPG
30.3104,DSC08449.JPG
32.768,DSC08450.JPG
39.5264,DSC08451.JPG
44.6464,DSC08452.JPG
48.3328,DSC08453.JPG
51.8144,DSC08454.JPG
55.0912,DSC08455.JPG
57.5488,DSC08456.JPG
59.5968,DSC08457.JPG
61.2352,DSC08458.JPG
61.2352,DSC08459.JPG
65.9456,DSC08460.JPG
69.632,DSC08461.JPG
72.704,DSC08462.JPG
75.5712,DSC08463.JPG
78.6432,DSC08464.JPG
81.3056,DSC08465.JPG
83.1488,DSC08466.JPG
85.1968,DSC08467.JPG
87.2448,DSC08468.JPG
89.4976,DSC08469.JPG
93.5936,DSC08470.JPG
98.304,DSC08471.JPG
100.966,DSC08472.JPG
103.219,DSC08473.JPG
106.496,DSC08474.JPG
106.291,DSC08475.JPG
7.168,DSC08476.JPG
12.288,DSC08477.JPG
17.2032,DSC08478.JPG
21.9136,DSC08479.JPG
26.0096,DSC08480.JPG
29.2864,DSC08481.JPG
29.4912,DSC08482.JPG
29.4912,DSC08483.JPG
35.84,DSC08484.JPG
39.3216,DSC08485.JPG
43.8272,DSC08486.JPG
45.6704,DSC08487.JPG
50.5856,DSC08488.JPG
52.6336,DSC08489.JPG
55.5008,DSC08490.JPG
56.5248,DSC08491.JPG
61.2352,DSC08492.JPG
64.7168,DSC08493.JPG
66.9696,DSC08494.JPG
69.8368,DSC08495.JPG
73.1136,DSC08496.JPG
77.0048,DSC08497.JPG
79.0528,DSC08498.JPG
79.872,DSC08499.JPG
81.1008,DSC08500.JPG
83.3536,DSC08501.JPG
84.5824,DSC08502.JPG
85.1968,DSC08503.JPG
89.2928,DSC08504.JPG
93.3888,DSC08505.JPG
96.4608,DSC08506.JPG
101.171,DSC08507.JPG
104.243,DSC08508.JPG
11.0592,DSC08509.JPG
14.336,DSC08510.JPG
18.2272,DSC08511.JPG
19.6608,DSC08512.JPG
27.0336,DSC08513.JPG
31.744,DSC08514.JPG
33.9968,DSC08515.JPG
37.888,DSC08516.JPG
41.5744,DSC08517.JPG
42.3936,DSC08518.JPG
43.6224,DSC08519.JPG
48.3328,DSC08520.JPG
52.0192,DSC08521.JPG
52.8384,DSC08522.JPG
56.32,DSC08523.JPG
60.416,DSC08524.JPG
60.416,DSC08525.JPG
63.2832,DSC08526.JPG
63.2832,DSC08527.JPG
65.9456,DSC08528.JPG
68.1984,DSC08529.JPG
70.0416,DSC08530.JPG
70.0416,DSC08531.JPG
74.5472,DSC08532.JPG
76.3904,DSC08533.JPG
78.6432,DSC08534.JPG
78.6432,DSC08535.JPG
81.3056,DSC08536.JPG
82.5344,DSC08537.JPG
83.1488,DSC08538.JPG
84.5824,DSC08539.JPG
88.4736,DSC08540.JPG
90.9312,DSC08541.JPG
94.0032,DSC08542.JPG
95.0272,DSC08543.JPG
96.0512,DSC08544.JPG
98.0992,DSC08545.JPG
99.9424,DSC08546.JPG
4.9152,DSC08547.JPG
7.168,DSC08548.JPG
11.0592,DSC08549.JPG
14.5408,DSC08550.JPG
17.6128,DSC08551.JPG
18.432,DSC08552.JPG
23.1424,DSC08553.JPG
27.8528,DSC08554.JPG
31.5392,DSC08555.JPG
34.816,DSC08556.JPG
37.4784,DSC08557.JPG
40.1408,DSC08558.JPG
41.1648,DSC08559.JPG
41.1648,DSC08560.JPG
44.6464,DSC08561.JPG
44.4416,DSC08562.JPG
48.7424,DSC08563.JPG
51.8144,DSC08564.JPG
55.0912,DSC08565.JPG
58.7776,DSC08566.JPG
61.44,DSC08567.JPG
63.8976,DSC08568.JPG
65.536,DSC08569.JPG
67.584,DSC08570.JPG
72.9088,DSC08571.JPG
76.1856,DSC08572.JPG
79.872,DSC08573.JPG
83.7632,DSC08574.JPG
86.016,DSC08575.JPG
87.8592,DSC08576.JPG
89.4976,DSC08577.JPG
95.8464,DSC08578.JPG
98.9184,DSC08579.JPG
101.99,DSC08580.JPG
101.99,DSC08581.JPG
105.267,DSC08582.JPG
108.749,DSC08583.JPG
111.821,DSC08584.JPG
8.8064,DSC08585.JPG
9.216,DSC08586.JPG
14.7456,DSC08587.JPG
18.8416,DSC08588.JPG
22.9376,DSC08589.JPG
27.4432,DSC08590.JPG
30.9248,DSC08591.JPG
33.9968,DSC08592.JPG
39.3216,DSC08593.JPG
43.6224,DSC08594.JPG
48.9472,DSC08595.JPG
53.6576,DSC08596.JPG
56.7296,DSC08597.JPG
59.5968,DSC08598.JPG
62.0544,DSC08599.JPG
66.9696,DSC08600.JPG
70.8608,DSC08601.JPG
74.3424,DSC08602.JPG
77.4144,DSC08603.JPG
80.6912,DSC08604.JPG
83.1488,DSC08605.JPG
84.992,DSC08606.JPG
87.04,DSC08607.JPG
87.8592,DSC08608.JPG
92.16,DSC08609.JPG
95.232,DSC08610.JPG
97.6896,DSC08611.JPG
99.9424,DSC08612.JPG
101.786,DSC08613.JPG
104.038,DSC08614.JPG
108.954,DSC08615.JPG
31.1296,DSC08616.JPG
9.6256,DSC08617.JPG
14.336,DSC08618.JPG
17.408,DSC08619.JPG
27.2384,DSC08620.JPG
32.5632,DSC08621.JPG
37.888,DSC08622.JPG
41.7792,DSC08623.JPG
44.2368,DSC08624.JPG
45.2608,DSC08625.JPG
50.7904,DSC08626.JPG
55.296,DSC08627.JPG
59.392,DSC08628.JPG
63.2832,DSC08629.JPG
66.7648,DSC08630.JPG
69.0176,DSC08631.JPG
71.2704,DSC08632.JPG
72.704,DSC08633.JPG
77.6192,DSC08634.JPG
81.1008,DSC08635.JPG
83.7632,DSC08636.JPG
87.04,DSC08637.JPG
90.3168,DSC08638.JPG
92.5696,DSC08639.JPG
94.8224,DSC08640.JPG
96.4608,DSC08641.JPG
99.1232,DSC08642.JPG
99.328,DSC08643.JPG
102.81,DSC08644.JPG
106.086,DSC08645.JPG
108.339,DSC08646.JPG
11.264,DSC08647.JPG
11.4688,DSC08648.JPG
17.8176,DSC08649.JPG
23.1424,DSC08650.JPG
26.8288,DSC08651.JPG
29.2864,DSC08652.JPG
31.5392,DSC08653.JPG
37.2736,DSC08654.JPG
41.7792,DSC08655.JPG
45.2608,DSC08656.JPG
48.3328,DSC08657.JPG
51.6096,DSC08658.JPG
54.0672,DSC08659.JPG
55.7056,DSC08660.JPG
57.1392,DSC08661.JPG
57.1392,DSC08662.JPG
60.416,DSC08663.JPG
66.1504,DSC08664.JPG
70.0416,DSC08665.JPG
72.0896,DSC08666.JPG
75.5712,DSC08667.JPG
79.4624,DSC08668.JPG
82.3296,DSC08669.JPG
83.1488,DSC08670.JPG
84.992,DSC08671.JPG
86.016,DSC08672.JPG
86.016,DSC08673.JPG
90.3168,DSC08674.JPG
95.6416,DSC08675.JPG
100.147,DSC08676.JPG
103.219,DSC08677.JPG
107.315,DSC08678.JPG
108.749,DSC08679.JPG
110.592,DSC08680.JPG
56.9344,DSC08681.JPG
16.9984,DSC08682.JPG
24.576,DSC08683.JPG
29.2864,DSC08684.JPG
32.9728,DSC08685.JPG
36.0448,DSC08686.JPG
38.7072,DSC08687.JPG
40.1408,DSC08688.JPG
39.7312,DSC08689.JPG
46.4896,DSC08690.JPG
53.0432,DSC08691.JPG
56.5248,DSC08692.JPG
59.392,DSC08693.JPG
62.464,DSC08694.JPG
65.1264,DSC08695.JPG
67.3792,DSC08696.JPG
68.8128,DSC08697.JPG
69.2224,DSC08698.JPG
69.2224,DSC08699.JPG
73.5232,DSC08700.JPG
78.0288,DSC08701.JPG
80.896,DSC08702.JPG
83.7632,DSC08703.JPG
86.6304,DSC08704.JPG
89.088,DSC08705.JPG
91.9552,DSC08706.JPG
93.5936,DSC08707.JPG
94.8224,DSC08708.JPG
97.28,DSC08709.JPG
100.147,DSC08710.JPG
103.834,DSC08711.JPG
107.52,DSC08712.JPG
109.773,DSC08713.JPG
110.387,DSC08714.JPG
12.6976,DSC08715.JPG
17.2032,DSC08716.JPG
22.3232,DSC08717.JPG
28.0576,DSC08718.JPG
31.5392,DSC08719.JPG
35.6352,DSC08720.JPG
37.4784,DSC08721.JPG
40.1408,DSC08722.JPG
41.3696,DSC08723.JPG
44.4416,DSC08724.JPG
47.7184,DSC08725.JPG
50.5856,DSC08726.JPG
55.0912,DSC08727.JPG
57.9584,DSC08728.JPG
61.44,DSC08729.JPG
63.6928,DSC08730.JPG
65.536,DSC08731.JPG
65.9456,DSC08732.JPG
67.1744,DSC08733.JPG
68.8128,DSC08734.JPG
68.608,DSC08735.JPG
70.0416,DSC08736.JPG
70.656,DSC08737.JPG
70.656,DSC08738.JPG
74.752,DSC08739.JPG
78.0288,DSC08740.JPG
80.4864,DSC08741.JPG
83.3536,DSC08742.JPG
85.1968,DSC08743.JPG
87.2448,DSC08744.JPG
88.8832,DSC08745.JPG
90.5216,DSC08746.JPG
